{
    "glaciercore_version": "0.0.0",
    "glaciercore_commit": "584a948f9b1f737cdbbc4a3d823c52e25efa6984",
    "thermal_quantities": {
        "temperature_scale": 350.0,
        "temperature_inlet": 316.15,
        "is_nondimensional": false,
        "length_scale": 1.0,
        "junction_extrapolation_mode": "two_dimensional",
        "physical_power_full_chip": 1997.9996683999989,
        "physical_power_full_chip_interpolated": 1997.9619703243761,
        "physical_temperature_quantity_stats": {
            "core": {
                "junction_statistics": {
                    "min_value": 45.60491927260961,
                    "max_value": 85.48558453816804,
                    "mean_value": 60.80589359202963
                },
                "die_substrate_statistics": {
                    "min_value": 45.411019538335154,
                    "max_value": 82.46614594479723,
                    "mean_value": 59.36154893048479
                },
                "channel_statistics": {
                    "min_value": 42.16497721134215,
                    "max_value": 67.9627052179203,
                    "mean_value": 48.582613390334984
                },
                "channel_fluid_statistics": {
                    "min_value": 42.676213197032666,
                    "max_value": 67.90394318076977,
                    "mean_value": 46.625762848941804
                }
            },
            "cold_plate_layers": {
                "tim_statistics": {
                    "min_value": 44.67262150378912,
                    "max_value": 74.63523051798092,
                    "mean_value": 55.209058028597155
                },
                "cold_plate_substrate_statistics": {
                    "min_value": 44.1319285767438,
                    "max_value": 69.0916536969545,
                    "mean_value": 52.230097164203585
                }
            }
        },
        "physical_temperature_outlet": 54.50933626181995,
        "physical_temperature_outlet_weighted": 51.679131375450595,
        "physical_temperature_outlet_tmax_105c": 55.676617032765975,
        "dissipated_power_density_tmax_105c": 632339.6015203423,
        "junction_temperature_increase_per_mode": {},
        "stats_in_extra_regions": {
            "hotspot_0": {
                "xmin": 0.0,
                "xmax": 0.012999999999999994,
                "ymin": 0.0,
                "ymax": 0.03199999999999998,
                "quantity_stats": {
                    "core": {
                        "junction_statistics": {
                            "min_value": 58.04579654604527,
                            "max_value": 85.48558453816804,
                            "mean_value": 75.72420245370972
                        },
                        "die_substrate_statistics": {
                            "min_value": 57.073282506675355,
                            "max_value": 82.46614594479723,
                            "mean_value": 72.71431831335241
                        },
                        "channel_statistics": {
                            "min_value": 42.713686898324454,
                            "max_value": 67.9627052179203,
                            "mean_value": 52.24336598043533
                        },
                        "channel_fluid_statistics": {
                            "min_value": 42.713686898324454,
                            "max_value": 67.90394318076977,
                            "mean_value": 49.56608667203227
                        }
                    },
                    "cold_plate_layers": {
                        "tim_statistics": {
                            "min_value": 54.062456149853006,
                            "max_value": 74.63523051798092,
                            "mean_value": 64.34665854463339
                        },
                        "cold_plate_substrate_statistics": {
                            "min_value": 51.03843719133863,
                            "max_value": 69.0916536969545,
                            "mean_value": 58.345624984234234
                        }
                    }
                }
            }
        },
        "stats_in_extra_orthotropic_regions": {},
        "die_substrate_isotropic_stats": {
            "core": {
                "junction_statistics": {
                    "min_value": 45.60491927260961,
                    "max_value": 85.48558453816804,
                    "mean_value": 60.80589359202963
                },
                "die_substrate_statistics": {
                    "min_value": 45.411019538335154,
                    "max_value": 82.46614594479723,
                    "mean_value": 59.36154893048479
                },
                "channel_statistics": {
                    "min_value": 42.16497721134215,
                    "max_value": 67.9627052179203,
                    "mean_value": 48.582613390334984
                },
                "channel_fluid_statistics": {
                    "min_value": 42.16497721134215,
                    "max_value": 67.9627052179203,
                    "mean_value": 48.582613390334984
                }
            },
            "cold_plate_layers": {
                "tim_statistics": {
                    "min_value": 44.67262150378912,
                    "max_value": 74.63523051798092,
                    "mean_value": 55.209058028597155
                },
                "cold_plate_substrate_statistics": {
                    "min_value": 44.1319285767438,
                    "max_value": 69.0916536969545,
                    "mean_value": 52.230097164203585
                }
            }
        },
        "thermal_power_balance_results": {
            "physical_temperature_outlet_weighted": 51.679131375450595,
            "chip_power_q": 1997.9996683999989,
            "fluid_power_q": 1996.2659331822088,
            "absolute_error": 1.7337352177901266,
            "relative_error_percent": 0.08677354882538617,
            "chip_power_interpolated": 1997.9619703243761,
            "absolute_interpolation_error": 0.03769807562275673,
            "absolute_pde_error": 1.69603714216737
        },
        "material_properties": {
            "conductivity_die_substrate": {
                "coeff_a": 150.0,
                "coeff_b": 0.0,
                "ref_value": null
            },
            "conductivity_tim": 8.0,
            "conductivity_cold_plate_substrate": 400.0,
            "orthotropic_material_conductivity_list": []
        }
    },
    "fluid_quantities": {
        "physical_flow_rate_full_chip_inlet": -5.669053318655826e-05,
        "physical_flow_rate_full_chip_outlet": 5.6690533186543495e-05,
        "physical_velocity_statistics": {
            "min_value": 0.0,
            "max_value": 5.967034125067263,
            "mean_value": 0.73783115847029
        },
        "physical_pressure_drop": 18757.279755663098,
        "flow_balance_results": {
            "flow_inlet": -5.669053318655826e-05,
            "flow_outlet": 5.6690533186543495e-05,
            "flow_sum": -1.4765478336536964e-17,
            "absolute_error": 1.4765478336536964e-17,
            "relative_error_percent": 2.604575668383018e-11
        },
        "turbulence_statistics": {
            "k_statistics": {
                "min_value": 0.0,
                "max_value": 0.1610529220254081,
                "mean_value": 0.013484195729095453
            },
            "omega_statistics": {
                "min_value": 0.0,
                "max_value": 30812482.935186304,
                "mean_value": 336624.98713610566
            },
            "nu_t_statistics": {
                "min_value": 0.0,
                "max_value": 3.8586509637228e-07,
                "mean_value": 2.7436831378974692e-08
            },
            "nu_t_over_nu_statistics": {
                "min_value": 0.0,
                "max_value": 0.2792478765886472,